,avg_response_length,response_completeness,cultural_alignment_score,diversity_entropy,sensitivity_coverage,sensitive_topic_mention_rate,num_expert_responses,num_full_responses,num_brief_responses
avg_response_length,1.0,,,0.7996718612813126,0.5430787138234247,0.5816656180752341,0.8612454302592247,0.8612454302592247,-0.8612454302592247
response_completeness,,,,,,,,,
cultural_alignment_score,,,,,,,,,
diversity_entropy,0.7996718612813126,,,1.0,0.7497778242243162,0.7883941424414652,0.9912320981515617,0.9912320981515617,-0.9912320981515617
sensitivity_coverage,0.5430787138234247,,,0.7497778242243162,1.0,0.9660228713041165,0.7578578716815014,0.7578578716815014,-0.7578578716815014
sensitive_topic_mention_rate,0.5816656180752341,,,0.7883941424414652,0.9660228713041165,1.0,0.7960058875035426,0.7960058875035426,-0.7960058875035426
num_expert_responses,0.8612454302592247,,,0.9912320981515617,0.7578578716815014,0.7960058875035426,1.0,1.0,-1.0
num_full_responses,0.8612454302592247,,,0.9912320981515617,0.7578578716815014,0.7960058875035426,1.0,1.0,-1.0
num_brief_responses,-0.8612454302592247,,,-0.9912320981515617,-0.7578578716815014,-0.7960058875035426,-1.0,-1.0,1.0
