,avg_response_length,response_completeness,cultural_alignment_score,diversity_entropy,sensitivity_coverage,sensitive_topic_mention_rate,num_expert_responses,num_full_responses,num_brief_responses
avg_response_length,1.0,,0.9763320941709722,0.8135565106358584,0.34629238518432615,0.3670914074467003,0.8309852092121784,0.8309852092121784,-0.5676688131238973
response_completeness,,,,,,,,,
cultural_alignment_score,0.9763320941709722,,1.0,0.829019796830297,0.3128322391437053,0.3363843630266029,0.8454588711055481,0.8454588711055481,-0.575146469235418
diversity_entropy,0.8135565106358584,,0.829019796830297,1.0,0.3798079618936548,0.40507912265458557,0.9922654486787577,0.9922654486787577,-0.7996555498234743
sensitivity_coverage,0.34629238518432615,,0.3128322391437053,0.3798079618936548,1.0,0.9002168845292314,0.3934494102383718,0.3934494102383718,-0.3021004594055016
sensitive_topic_mention_rate,0.3670914074467003,,0.3363843630266029,0.40507912265458557,0.9002168845292314,1.0,0.4227402945753177,0.4227402945753177,-0.3194822418425308
num_expert_responses,0.8309852092121784,,0.8454588711055481,0.9922654486787577,0.3934494102383718,0.4227402945753177,1.0,1.0,-0.8022803386243196
num_full_responses,0.8309852092121784,,0.8454588711055481,0.9922654486787577,0.3934494102383718,0.4227402945753177,1.0,1.0,-0.8022803386243196
num_brief_responses,-0.5676688131238973,,-0.575146469235418,-0.7996555498234743,-0.3021004594055016,-0.3194822418425308,-0.8022803386243196,-0.8022803386243196,1.0
