,avg_response_length,response_completeness,cultural_alignment_score,diversity_entropy,sensitivity_coverage,sensitive_topic_mention_rate,num_expert_responses,num_full_responses,num_brief_responses
count,100.0,100.0,100.0,100.0,100.0,100.0,100.0,100.0,100.0
mean,1133.2361666666666,1.0,0.82,1.6587759832090387,1.0766666666666667,0.364,3.54,3.54,1.16
std,546.5559035877859,0.0,0.3861229196653691,0.9421814865070012,1.3697509747703778,0.41621672676186816,1.9716167800241322,1.9716167800241322,1.7793427455272932
min,0.0,1.0,0.0,0.0,0.0,0.0,0.0,0.0,0.0
25%,1199.1499999999999,1.0,1.0,1.0,0.0,0.0,2.0,2.0,0.0
50%,1343.2,1.0,1.0,2.321928094887362,0.5,0.2,5.0,5.0,0.0
75%,1446.575,1.0,1.0,2.321928094887362,2.0,0.8,5.0,5.0,2.0
max,1779.6666666666667,1.0,1.0,2.321928094887362,5.0,1.0,5.0,5.0,5.0
