,avg_response_length,response_completeness,cultural_alignment_score,diversity_entropy,sensitivity_coverage,sensitive_topic_mention_rate,num_expert_responses,num_full_responses,num_brief_responses
count,10.0,10.0,10.0,10.0,10.0,10.0,10.0,10.0,10.0
mean,1125.285,1.0,0.0,1.5931568569324173,1.0666666666666669,0.485,3.5,3.5,1.5
std,598.4115798651181,0.0,0.0,1.1038625497696586,1.021980647783726,0.440990047758702,2.223610677354389,2.223610677354389,2.223610677354389
min,0.0,1.0,0.0,-0.0,0.0,0.0,0.0,0.0,0.0
25%,1275.5,1.0,0.0,0.5,0.125,0.05,1.75,1.75,0.0
50%,1402.325,1.0,0.0,2.321928094887362,0.75,0.425,5.0,5.0,0.0
75%,1440.85,1.0,0.0,2.321928094887362,1.9166666666666667,0.95,5.0,5.0,3.25
max,1518.6,1.0,0.0,2.321928094887362,2.5,1.0,5.0,5.0,5.0
