,avg_response_length,response_completeness,cultural_alignment_score,diversity_entropy,sensitivity_coverage,sensitive_topic_mention_rate,num_expert_responses,num_full_responses,num_brief_responses
avg_response_length,1.0,,,0.6235736470703369,0.9043272485226828,0.9043272485226828,0.6235736470703366,0.6235736470703366,-0.6235736470703364
response_completeness,,,,,,,,,
cultural_alignment_score,,,,,,,,,
diversity_entropy,0.6235736470703369,,,1.0,0.38851434494290565,0.38851434494290576,0.9999999999999998,0.9999999999999998,-0.9999999999999996
sensitivity_coverage,0.9043272485226828,,,0.38851434494290565,1.0,1.0,0.3885143449429058,0.3885143449429058,-0.38851434494290565
sensitive_topic_mention_rate,0.9043272485226828,,,0.38851434494290576,1.0,1.0,0.3885143449429058,0.3885143449429058,-0.3885143449429056
num_expert_responses,0.6235736470703366,,,0.9999999999999998,0.3885143449429058,0.3885143449429058,1.0,1.0,-0.9999999999999998
num_full_responses,0.6235736470703366,,,0.9999999999999998,0.3885143449429058,0.3885143449429058,1.0,1.0,-0.9999999999999998
num_brief_responses,-0.6235736470703364,,,-0.9999999999999996,-0.38851434494290565,-0.3885143449429056,-0.9999999999999998,-0.9999999999999998,1.0
