,avg_response_length,response_completeness,cultural_alignment_score,diversity_entropy,sensitivity_coverage,sensitive_topic_mention_rate,num_expert_responses,num_full_responses,num_brief_responses
count,5.0,5.0,5.0,5.0,5.0,5.0,5.0,5.0,5.0
mean,1392.61,1.0,0.0,2.2575424759098897,0.8,0.32,4.8,4.8,0.2
std,80.10883534292581,0.0,0.0,0.14397062080702885,1.151086443322134,0.46043457732885357,0.4472135954999579,0.4472135954999579,0.44721359549995804
min,1303.25,1.0,0.0,2.0,0.0,0.0,4.0,4.0,0.0
25%,1367.2,1.0,0.0,2.321928094887362,0.0,0.0,5.0,5.0,0.0
50%,1370.6,1.0,0.0,2.321928094887362,0.0,0.0,5.0,5.0,0.0
75%,1401.0,1.0,0.0,2.321928094887362,1.5,0.6,5.0,5.0,0.0
max,1521.0,1.0,0.0,2.321928094887362,2.5,1.0,5.0,5.0,1.0
