,avg_response_length,response_completeness,cultural_alignment_score,diversity_entropy,sensitivity_coverage,sensitive_topic_mention_rate,num_expert_responses,num_full_responses,num_brief_responses
count,100.0,100.0,100.0,100.0,100.0,100.0,100.0,100.0,100.0
mean,1181.4573333333333,1.0,0.144,1.7461456391507009,1.3033333333333332,0.478,3.72,3.72,1.03
std,515.3127435457094,0.0,0.10650872144621654,0.8933731915683167,1.2742331159054194,0.4281932915746053,1.8590754734979469,1.8590754734979469,1.6663939170762376
min,0.0,1.0,0.0,-0.0,0.0,0.0,0.0,0.0,0.0
25%,1242.325,1.0,0.0,1.584962500721156,0.0,0.0,3.0,3.0,0.0
50%,1361.2,1.0,0.2,2.321928094887362,1.0,0.4,5.0,5.0,0.0
75%,1470.1666666666667,1.0,0.2,2.321928094887362,2.5,1.0,5.0,5.0,1.25
max,1755.0,1.0,0.3333333333333333,2.321928094887362,5.0,1.0,5.0,5.0,5.0
